{"tag_id": 422, "corners": [[531.8538818359374, 220.8835906982421], [536.96044921875, 542.569091796875], [870.72216796875, 536.5256958007812], [853.7092895507812, 198.0479736328126]]}